{"cameraMode":{"drawMode":0,"name":"Shaded","section":"Shading Mode"},"sceneLighting":false,"audioPlay":false,"sceneViewState":{"showFog":false,"showMaterialUpdate":false,"showSkybox":false,"showFlares":false,"showImageEffects":false,"showParticleSystems":false},"in2DMode":false,"pivot":{"x":0.0,"y":0.1919596791267395,"z":0.36760175228118899},"rotation":{"x":0.23060517013072968,"y":-0.16974444687366486,"z":0.04089191555976868,"w":0.9572543501853943},"size":0.9265346527099609,"orthographic":true}