{"cameraMode":{"drawMode":0,"name":"Shaded","section":"Shading Mode"},"sceneLighting":false,"audioPlay":false,"sceneViewState":{"showFog":false,"showMaterialUpdate":false,"showSkybox":false,"showFlares":false,"showImageEffects":false,"showParticleSystems":false},"in2DMode":false,"pivot":{"x":0.010871976613998413,"y":1.0827863216400147,"z":-0.0419921875},"rotation":{"x":-0.1489434391260147,"y":-0.7424492835998535,"z":0.17579849064350129,"w":-0.6290299296379089},"size":0.5190367102622986,"orthographic":true}