{"cameraMode":{"drawMode":0,"name":"Shaded","section":"Shading Mode"},"sceneLighting":false,"audioPlay":false,"sceneViewState":{"showFog":false,"showMaterialUpdate":false,"showSkybox":false,"showFlares":false,"showImageEffects":false,"showParticleSystems":false},"in2DMode":false,"pivot":{"x":-0.060546875,"y":-0.1160888671875,"z":-0.056884765625},"rotation":{"x":-0.04382641240954399,"y":0.9073390364646912,"z":-0.09782280772924423,"w":-0.40650299191474917},"size":0.5196948647499085,"orthographic":true}